{"cameraMode":{"drawMode":0,"name":"Shaded","section":"Shading Mode"},"sceneLighting":true,"audioPlay":false,"sceneViewState":{"showFog":false,"showMaterialUpdate":false,"showSkybox":false,"showFlares":false,"showImageEffects":false,"showParticleSystems":false},"in2DMode":false,"pivot":{"x":-31.162700653076173,"y":-6.113436698913574,"z":29.009532928466798},"rotation":{"x":-0.09515058994293213,"y":0.5379462838172913,"z":-0.061268482357263568,"w":-0.8353821039199829},"size":56.36158752441406,"orthographic":false}